Timestamp (UTC),Date,Hour (UTC),Outcome Volume,HL Frontend Volume,Total HIP-4 Volume,Other Builders,Market Share %,Clicks,Unique Visitors,Signups,Depositors,Active Traders,Trades Placed,Impressions,Outcome Fills,Outcome Traders (API),Run Type
2026-08-28T01:00:00Z,2026-08-28,1,$0,"$10,255","$11,604","$1,349",0.0%,11,7,0,0,0,0,,0,,backfill
2026-08-28T02:00:00Z,2026-08-28,2,0,23667,32254,8587,0.0%,16,22,2,0,0,0,,0,,backfill
2026-08-28T03:00:00Z,2026-08-28,3,248,57973,76246,18025,0.3%,22,31,2,0,2,3,,2,,backfill
2026-08-28T04:00:00Z,2026-08-28,4,347,74981,94881,19553,0.4%,47,38,3,1,5,7,,6,,backfill
2026-08-28T05:00:00Z,2026-08-28,5,1398,93299,115144,20447,1.2%,48,55,4,1,8,17,,24,,backfill
2026-08-28T06:00:00Z,2026-08-28,6,68957,120184,215290,26149,32.0%,48,78,4,1,11,101,,1306,,backfill
2026-08-28T07:00:00Z,2026-08-28,7,69024,131922,228348,27402,30.2%,50,99,5,1,15,109,,1311,,backfill
2026-08-28T08:00:00Z,2026-08-28,8,69141,144427,252639,39071,27.4%,60,123,6,1,19,113,,1318,,backfill
2026-08-28T09:00:00Z,2026-08-28,9,70266,181109,310229,58854,22.6%,109,148,6,1,21,117,,1351,,backfill
2026-08-28T10:00:00Z,2026-08-28,10,70652,201461,331914,59801,21.3%,120,183,7,1,26,128,,1370,,backfill
2026-08-28T11:00:00Z,2026-08-28,11,71239,219325,351966,61402,20.2%,130,204,8,1,27,132,,1391,,backfill
2026-08-28T12:00:00Z,2026-08-28,12,74394,245575,382009,62040,19.5%,142,236,9,1,28,147,,1419,,backfill
2026-08-28T13:00:00Z,2026-08-28,13,74971,280276,418163,62916,17.9%,159,258,9,1,29,160,,1443,,backfill
2026-08-28T14:00:00Z,2026-08-28,14,75701,332111,476676,68864,15.9%,171,292,11,1,30,175,,1473,,backfill
2026-08-28T15:00:00Z,2026-08-28,15,76079,404545,551554,70930,13.8%,181,354,14,1,32,197,,1490,,backfill
2026-08-28T16:00:00Z,2026-08-28,16,76513,473352,622054,72189,12.3%,192,409,16,1,33,208,,1504,,backfill
2026-08-28T17:00:00Z,2026-08-28,17,76680,497196,647776,73900,11.8%,196,427,19,1,36,229,,1514,,backfill
2026-08-28T18:00:00Z,2026-08-28,18,78256,513479,666616,74881,11.7%,223,466,21,1,39,251,,1543,,backfill
2026-08-28T19:00:00Z,2026-08-28,19,78318,527734,682239,76187,11.5%,230,503,23,1,40,255,,1551,,backfill
2026-08-28T20:00:00Z,2026-08-28,20,78329,549371,707304,79604,11.1%,255,530,24,1,40,259,,1552,,backfill
2026-08-28T21:00:00Z,2026-08-28,21,78341,576373,734564,79850,10.7%,276,554,26,1,40,259,,1556,,backfill
2026-08-28T22:00:00Z,2026-08-28,22,78352,581977,740339,80010,10.6%,305,579,27,1,41,260,,1558,,backfill
2026-08-28T23:00:00Z,2026-08-28,23,78417,585504,744024,80103,10.5%,310,590,28,1,42,262,,1561,,backfill
2026-08-29T00:00:00Z,2026-08-28,24,78426,589574,748103,80103,10.5%,317,603,28,1,42,262,,1562,,backfill
2026-08-29T01:00:00Z,2026-08-29,1,220,13751,14869,898,1.5%,10,14,1,0,2,2,,4,,backfill
2026-08-29T02:00:00Z,2026-08-29,2,319,15637,22905,6949,1.4%,32,36,3,0,4,8,,5,,backfill
2026-08-29T03:00:00Z,2026-08-29,3,388,16992,24380,7000,1.6%,39,46,3,1,5,10,,7,,backfill
2026-08-29T04:00:00Z,2026-08-29,4,523,19505,27043,7015,1.9%,42,70,8,1,8,15,,12,,backfill
2026-08-29T05:00:00Z,2026-08-29,5,1131,21237,29553,7185,3.8%,57,96,11,1,9,25,,18,,backfill
2026-08-29T06:00:00Z,2026-08-29,6,57594,23384,88226,7248,65.3%,130,133,13,1,12,36,,1086,,backfill
2026-08-29T07:00:00Z,2026-08-29,7,57722,32009,98490,8759,58.6%,154,169,16,1,16,55,,1093,,backfill
2026-08-29T08:00:00Z,2026-08-29,8,58021,47105,116553,11427,49.8%,193,199,20,1,16,62,,1108,,backfill
2026-08-29T09:00:00Z,2026-08-29,9,58945,55382,127438,13111,46.3%,692,520,47,5,21,76,,1137,,backfill
2026-08-29T10:00:00Z,2026-08-29,10,70971,71076,159594,17547,44.5%,2572,1751,197,12,69,295,,1385,,backfill
2026-08-29T11:00:00Z,2026-08-29,11,87489,91979,200758,21290,43.6%,3879,2602,300,23,106,446,,1623,,backfill
2026-08-29T12:00:00Z,2026-08-29,12,94636,102394,218433,21403,43.3%,5368,3241,381,31,135,790,,1911,,backfill
2026-08-29T13:00:00Z,2026-08-29,13,103062,129608,257783,25113,40.0%,7011,3870,445,35,155,997,,2149,,backfill
2026-08-29T14:00:00Z,2026-08-29,14,115951,166297,323180,40932,35.9%,8725,4389,518,39,184,1293,,2897,,backfill
2026-08-29T15:00:00Z,2026-08-29,15,122942,212489,382201,46770,32.2%,10212,4918,592,59,212,1548,,3128,,backfill
2026-08-29T16:00:00Z,2026-08-29,16,130240,233524,411494,47730,31.7%,11759,5468,668,67,238,1802,,3446,,backfill
2026-08-29T17:00:00Z,2026-08-29,17,141593,270831,463031,50607,30.6%,12878,5854,717,71,261,2046,,3877,,backfill
2026-08-29T18:00:00Z,2026-08-29,18,147944,281739,483308,53625,30.6%,13877,6158,759,82,286,2261,,4174,,backfill
2026-08-29T19:00:00Z,2026-08-29,19,159407,298953,515272,56912,30.9%,14873,6419,797,86,303,2506,,4580,,backfill
2026-08-29T20:00:00Z,2026-08-29,20,185004,321188,566734,60542,32.6%,16350,6744,851,94,322,2790,,5155,,backfill
2026-08-29T21:00:00Z,2026-08-29,21,202725,331267,598615,64623,33.9%,17833,7031,896,103,340,3034,,5676,,backfill
2026-08-29T22:00:00Z,2026-08-29,22,215504,347559,629657,66594,34.2%,18831,7315,931,104,348,3312,,6182,,backfill
2026-08-29T23:00:00Z,2026-08-29,23,226634,373573,669260,69053,33.9%,19789,7507,964,113,361,3475,,6715,,backfill
2026-08-30T00:00:00Z,2026-08-29,24,234628,417819,723705,71258,32.4%,20546,7684,989,117,367,3624,,7103,,backfill
2026-08-30T01:00:00Z,2026-08-30,1,21202,41286,71543,9055,29.6%,734,260,27,5,25,232,,639,,backfill
2026-08-30T02:00:00Z,2026-08-30,2,36196,76567,126473,13710,28.6%,1500,454,53,6,37,369,,1097,,backfill
2026-08-30T03:00:00Z,2026-08-30,3,49141,103077,173386,21168,28.3%,2102,586,66,8,50,510,,1496,,backfill
2026-08-30T04:00:00Z,2026-08-30,4,59809,112096,193380,21475,30.9%,2665,759,89,12,62,621,,1749,,backfill
2026-08-30T05:00:00Z,2026-08-30,5,73174,126936,224002,23892,32.7%,3300,969,112,15,82,767,,2071,,backfill
2026-08-30T06:00:00Z,2026-08-30,6,127507,144860,306125,33758,41.7%,4044,1213,137,19,105,945,,2788,,backfill
2026-08-30T07:00:00Z,2026-08-30,7,148287,161556,353676,43833,41.9%,4876,1478,167,23,131,1093,,3211,,backfill
2026-08-30T08:00:00Z,2026-08-30,8,171273,194427,424819,59119,40.3%,5815,1745,202,26,151,1172,,3703,,backfill
2026-08-30T09:00:00Z,2026-08-30,9,192359,223993,510186,93834,37.7%,6899,2061,248,33,184,1317,,4257,,backfill
2026-08-30T10:00:00Z,2026-08-30,10,266032,256642,646822,124148,41.1%,7785,2300,280,38,214,1556,,7165,,backfill
2026-08-30T11:00:00Z,2026-08-30,11,290279,271413,687966,126274,42.2%,8677,2513,313,43,231,1707,,7717,,backfill
2026-08-30T12:00:00Z,2026-08-30,12,304703,282229,716138,129206,42.5%,9626,2783,345,49,246,1859,,8152,,backfill
2026-08-30T13:00:00Z,2026-08-30,13,344845,317247,811731,149639,42.5%,10607,3045,376,54,270,2041,,9449,,backfill
2026-08-30T14:00:00Z,2026-08-30,14,412169,365673,967003,189161,42.6%,11539,3311,402,56,285,2248,,11457,,backfill
2026-08-30T15:00:00Z,2026-08-30,15,467606,396315,1109438,245517,42.1%,12779,3565,439,62,301,2452,,12817,,backfill
2026-08-30T16:00:00Z,2026-08-30,16,542427,423890,1257123,290806,43.1%,14623,3900,496,67,318,2676,,14552,,backfill
2026-08-30T17:00:00Z,2026-08-30,17,592232,453861,1354898,308805,43.7%,15790,4074,525,75,334,2877,,15876,,backfill
2026-08-30T18:00:00Z,2026-08-30,18,628414,493395,1433652,311843,43.8%,16741,4297,551,81,356,3052,,16547,,backfill
2026-08-30T19:00:00Z,2026-08-30,19,652166,516166,1484326,315994,43.9%,17534,4553,594,87,368,3230,,17096,,backfill
2026-08-30T20:00:00Z,2026-08-30,20,692389,529766,1566101,343946,44.2%,18410,4761,621,93,378,3403,,18383,,backfill
2026-08-30T21:00:00Z,2026-08-30,21,716705,543016,1609694,349973,44.5%,19057,4907,634,98,386,3552,,19172,,backfill
2026-08-30T22:00:00Z,2026-08-30,22,761812,568027,1684951,355112,45.2%,19655,5051,656,99,396,3724,,20527,,backfill
2026-08-30T23:00:00Z,2026-08-30,23,805244,603477,1768726,360005,45.5%,20035,5135,664,99,403,3929,,21740,,backfill
2026-08-31T00:00:00Z,2026-08-30,24,842511,714345,1922059,365203,43.8%,20453,5198,674,101,408,4075,,22677,,backfill
2026-08-31T01:00:00Z,2026-08-31,1,34007,29568,65962,2387,51.6%,553,185,21,2,29,130,,1091,,backfill
2026-08-31T02:00:00Z,2026-08-31,2,77903,60706,143721,5112,54.2%,1180,359,47,8,51,274,,2170,,backfill
2026-08-31T03:00:00Z,2026-08-31,3,113658,122720,249759,13381,45.5%,1609,496,68,9,69,443,,3062,,backfill
2026-08-31T04:00:00Z,2026-08-31,4,122464,143307,280508,14737,43.7%,1992,643,87,13,75,506,,3393,,backfill
2026-08-31T05:00:00Z,2026-08-31,5,133011,155235,312815,24569,42.5%,2559,842,118,16,89,579,,3682,,backfill
2026-08-31T06:00:00Z,2026-08-31,6,257269,210027,512370,45074,50.2%,3247,1043,143,17,109,747,,4875,,backfill
2026-08-31T07:00:00Z,2026-08-31,7,276687,237051,561618,47880,49.3%,4012,1272,173,18,122,812,,5521,,backfill
2026-08-31T08:00:00Z,2026-08-31,8,291815,256506,599361,51040,48.7%,4751,1491,212,22,140,902,,6021,,backfill
2026-08-31T09:00:00Z,2026-08-31,9,324064,294207,677425,59154,47.8%,5539,1837,277,29,165,1050,,7159,,backfill
2026-08-31T10:00:00Z,2026-08-31,10,351741,323711,737282,61830,47.7%,6296,2102,319,30,190,1143,,8061,,backfill
2026-08-31T11:00:00Z,2026-08-31,11,371930,347224,786465,67311,47.3%,7125,2313,348,31,203,1277,,8685,,backfill
2026-08-31T12:00:00Z,2026-08-31,12,402367,361876,835929,71686,48.1%,8019,2548,375,33,221,1414,,9480,,backfill
2026-08-31T13:00:00Z,2026-08-31,13,454801,414775,952197,82621,47.8%,8929,2826,396,37,248,1606,,11433,,backfill
2026-08-31T14:00:00Z,2026-08-31,14,547181,450250,1083012,85581,50.5%,9865,3089,441,41,268,1762,,14108,,backfill
2026-08-31T15:00:00Z,2026-08-31,15,590515,501174,1178407,86718,50.1%,10683,3395,476,42,286,1969,,15307,,backfill
2026-08-31T16:00:00Z,2026-08-31,16,640335,521904,1251393,89154,51.2%,11502,3594,491,44,302,2198,,16996,,backfill
2026-08-31T17:00:00Z,2026-08-31,17,690793,551242,1334375,92340,51.8%,12247,3783,518,54,310,2378,,18422,,backfill
2026-08-31T18:00:00Z,2026-08-31,18,782931,592252,1470954,95771,53.2%,13018,3970,536,56,321,2604,,21148,,backfill
2026-08-31T19:00:00Z,2026-08-31,19,841574,616898,1557065,98593,54.0%,13825,4147,560,60,344,2863,,22502,,backfill
2026-08-31T20:00:00Z,2026-08-31,20,944368,667033,1716805,105404,55.0%,14703,4309,585,63,357,3120,,24741,,backfill
2026-08-31T21:00:00Z,2026-08-31,21,1095133,763899,1980830,121798,55.3%,15665,4513,609,65,364,3342,,28472,,backfill
2026-08-31T22:00:00Z,2026-08-31,22,1208268,774086,2107923,125569,57.3%,16231,4652,626,66,373,3495,,30115,,backfill
2026-08-31T23:00:00Z,2026-08-31,23,1269602,795108,2191074,126364,57.9%,16628,4724,638,66,378,3565,,31354,,backfill
2026-09-01T00:00:00Z,2026-08-31,24,1368254,829911,2326763,128598,58.8%,17117,4776,645,67,380,3684,,34155,,backfill
2026-09-01T01:00:00Z,2026-09-01,1,53192,25899,80745,1654,65.9%,430,168,12,3,19,48,,1501,,backfill
2026-09-01T02:00:00Z,2026-09-01,2,91290,43141,137318,2887,66.5%,833,330,27,4,38,229,,2793,,backfill
2026-09-01T03:00:00Z,2026-09-01,3,135938,83703,223683,4042,60.8%,1175,439,33,4,52,311,,4197,,backfill
2026-09-01T04:00:00Z,2026-09-01,4,170387,106563,284155,7205,60.0%,1464,548,42,5,62,393,,5321,,backfill
2026-09-01T05:00:00Z,2026-09-01,5,246911,117344,372878,8623,66.2%,1916,694,52,6,83,483,,7590,,backfill
2026-09-01T06:00:00Z,2026-09-01,6,354195,156194,520507,10118,68.0%,2437,861,78,7,103,630,,9797,,backfill
2026-09-01T07:00:00Z,2026-09-01,7,467230,183599,671364,20535,69.6%,2878,1007,98,9,121,760,,11754,,backfill
2026-09-01T08:00:00Z,2026-09-01,8,637749,207612,924425,79064,69.0%,3351,1145,125,11,130,946,,17544,,backfill
2026-09-01T09:00:00Z,2026-09-01,9,684136,282081,1048800,82583,65.2%,4035,1314,148,14,142,1092,,18932,,backfill
2026-09-01T10:00:00Z,2026-09-01,10,757006,321916,1166902,87980,64.9%,4820,1497,174,15,159,1237,,20346,,backfill
2026-09-01T11:00:00Z,2026-09-01,11,843245,339727,1275631,92659,66.1%,5412,1616,184,16,172,1386,,22432,,backfill
2026-09-01T12:00:00Z,2026-09-01,12,994794,354988,1451348,101566,68.5%,6049,1800,220,23,180,1511,,26553,,backfill
2026-09-01T13:00:00Z,2026-09-01,13,1198551,377513,1683851,107787,71.2%,6612,1942,236,29,194,1740,,32216,,backfill
2026-09-01T14:00:00Z,2026-09-01,14,1440954,433443,2029369,154972,71.0%,7367,2103,252,29,207,1919,,40799,,backfill
2026-09-01T15:00:00Z,2026-09-01,15,1618872,454359,2248154,174923,72.0%,8017,2274,272,33,224,2138,,46850,,backfill
2026-09-01T16:00:00Z,2026-09-01,16,1744267,480075,2409799,185457,72.4%,8683,2405,291,35,234,2264,,51583,,backfill
2026-09-01T17:00:00Z,2026-09-01,17,1935643,512933,2674332,225756,72.4%,9321,2550,305,37,249,2539,,58136,,backfill
2026-09-01T18:00:00Z,2026-09-01,18,2021074,532715,2801486,247697,72.1%,10002,2734,322,39,268,2777,,60202,,backfill
2026-09-01T19:00:00Z,2026-09-01,19,2196370,586461,3085237,302406,71.2%,10646,2890,341,41,279,2952,,64622,,backfill
2026-09-01T20:00:00Z,2026-09-01,20,2445651,623443,3424889,355795,71.4%,11395,3060,357,44,286,3092,,70943,,backfill
2026-09-01T21:00:00Z,2026-09-01,21,2569161,639823,3578642,369658,71.8%,12077,3195,369,47,296,3283,,73593,,backfill
2026-09-01T22:00:00Z,2026-09-01,22,2682152,658708,3736694,395834,71.8%,12564,3370,383,48,305,3374,,77024,,backfill
2026-09-01T23:00:00Z,2026-09-01,23,2848008,671641,3951616,431967,72.1%,12886,3494,394,51,313,3567,,81993,,backfill
2026-09-02T00:00:00Z,2026-09-01,24,2906370,690412,4031896,435114,72.1%,13207,3546,397,53,315,3660,,83842,,backfill
2026-09-02T01:00:00Z,2026-09-02,1,142768,40014,207737,24955,68.7%,348,120,6,1,27,128,,4636,,backfill
2026-09-02T02:00:00Z,2026-09-02,2,207991,51870,291440,31579,71.4%,643,200,12,1,35,214,,6888,,backfill
2026-09-02T03:00:00Z,2026-09-02,3,297693,59806,415948,58449,71.6%,1017,294,24,2,43,293,,9762,,backfill
2026-09-02T04:00:00Z,2026-09-02,4,405476,68181,551440,77783,73.5%,1334,381,38,4,53,406,,12609,,backfill
2026-09-02T05:00:00Z,2026-09-02,5,493207,78794,660578,88577,74.7%,1651,472,47,5,59,512,,15204,,backfill
2026-09-02T06:00:00Z,2026-09-02,6,679684,102254,877205,95267,77.5%,2018,593,59,7,72,610,,20079,,backfill
2026-09-02T07:00:00Z,2026-09-02,7,791910,117153,1008240,99177,78.5%,2513,742,73,8,88,717,,22937,,backfill
2026-09-02T08:00:00Z,2026-09-02,8,924435,132808,1173079,115836,78.8%,3119,942,87,10,100,810,,26702,,backfill
2026-09-02T09:00:00Z,2026-09-02,9,1029211,166823,1323151,127117,77.8%,3643,1090,98,17,109,898,,29473,,backfill
2026-09-02T10:00:00Z,2026-09-02,10,1096739,199678,1429588,133171,76.7%,4189,1232,110,18,117,980,,30890,,backfill
2026-09-02T11:00:00Z,2026-09-02,11,1148320,221466,1513305,143519,75.9%,4798,1403,131,21,130,1045,,32026,,backfill
2026-09-02T12:00:00Z,2026-09-02,12,1277600,251836,1682987,153551,75.9%,5460,1574,146,24,151,1248,,34515,,backfill
2026-09-02T13:00:00Z,2026-09-02,13,1387519,288740,1835966,159707,75.6%,6150,1773,165,25,181,1505,,37270,,backfill
2026-09-02T14:00:00Z,2026-09-02,14,1625252,341370,2176358,209736,74.7%,6854,2020,194,30,220,1809,,43165,,backfill
2026-09-02T14:16:08Z,2026-09-02,14,1660250,347605,2236033,228178,74.2%,7036,2052,198,31,222,1872,0,43904,732,seed